{
  "accuracy": 0.5266666666666666,
  "macro_f1": 0.4646504723776403
}